id,name,score,time,penalty,status,age,gender,member1country,member1firstname,member1lastname,member2country,member2firstname,member2lastname,member3country,member3firstname,member3lastname
1,Straightforward,427,23:46:02,0,,open,men,LAT,Janis,Krumins,LAT,Andris,Ansabergs,,,
2,Laid mums tur laimē diet,392,23:43:36,0,,open,men,LAT,Zigmunds,Bībers,LAT,Andris,Ronimoiss,,,
3,LOKO,389,23:49:01,0,,open,men,LAT,Jānis,Ansabergs,LAT,Kristaps,Jaudzems,,,
4,MÜRSK,385,23:48:11,0,,open,men,EST,Siim,Klais,EST,Märt,Roosaare,,,
5,Georgia and Greig,382,23:41:39,0,,open,mixed,NZL,Georgia,Whitla,NZL,Greig,Hamilton,,,
6,Õnnevalem,374,23:48:44,0,,open,men,EST,Sander,Mirme,EST,Ain,Fjodorov,,,
7,Inov-8,369,23:46:25,0,,open,men,CZE,Ondrej,Skripnik,CZE,Radovan,Čech,,,
8,Swamp children,362,23:47:57,0,,open,mixed,RUS,Anna,Korobko,RUS,Sergey,Miroshkin,RUS,Dmitriy,Shemyatikhin
9,OMEGA,358,23:52:02,0,,veteran,men,RUS,Sergey,Yashchenko,RUS,Oleg,Kalinin,,,
10,Damned by Wives - NN rogaining,353,23:28:03,0,,open,men,RUS,Semyon,Yakimov,RUS,Andrey,Efimov,RUS,Konstantin,Solovyev
11,O-Club,353,23:33:06,0,,open,men,UKR,Yevgeniy,Tsyren,UKR,Artem,Gorodynets,,,
12,SPLAV,350,23:50:07,0,,veteran,women,RUS,Nina,Mikheeva,RUS,Marina,Galkina,,,
13,INOV-8 Ukraine,348,23:53:34,0,,open,men,UKR,Yuriy,Komenotrus,UKR,Oleksandr,Dmytryuk,,,
14,Meža Dīvainīši,347,23:42:35,0,,veteran,men,LAT,Einārs,Masteiko,LAT,Jānis,Viškers,,,
15,orienteering.waw.pl,344,23:29:23,0,,veteran,men,POL,Marcin,Krasuski,POL,Piotr,Szaciłowski,,,
16,Yellow phantom,342,23:47:03,0,,open,men,RUS,Alexander,Tonis,RUS,Igor,Manzhay,,,
17,Surikati,339,23:51:41,0,,open,mixed,LAT,Pēteris,Grīviņš,LAT,Ieva,Upmace,,,
18,For fun,335,23:49:26,0,,veteran,mixed,LAT,Anita,Liepina,LAT,Valters,Kaminskis,,,
19,OK Lokomotiva Plzen,333,23:20:30,0,,open,men,CZE,Frantisek,Kolovsky,CZE,Jiri,Vales,,,
20,Krilatiy batalion,332,23:37:31,0,,open,men,RUS,Sergey,Baranovskiy,RUS,Boris,Sokolov,RUS,Vasleriy,Baranovskiy
21,Legenda35,327,23:48:36,0,,veteran,mixed,RUS,Vladimir,Mihailov,RUS,Valentina,Mihailova,,,
22,Apakšgrāvja inspekcija,326,23:20:02,0,,open,men,LAT,Mārtiņš,Krūze,LAT,Guntis,Šmaukstelis,,,
23,Czech veteran 1,325,23:33:04,0,,veteran,men,CZE,Miroslav,Seidl,CZE,Jan,Kotyk,,,
24,NikoMahno,325,23:53:44,0,,veteran,men,UKR,Sergey,Sirinok,UKR,Volodymyr,Shpetnyy,,,
25,Prieka prizma,324,23:41:46,0,,open,men,LAT,Sandis,Pētersons,LAT,Didzis,Rozenbergs,,,
26,Katusha,324,23:42:56,0,,open,mixed,RUS,Alexander,Kiselev,RUS,Ekaterina,Alekseeva,RUS,Ilya,Tsygankov
27,Ozons,322,23:34:52,0,,open,women,LAT,Māra,Leitāne,LAT,Aiva,Jakovela,,,
28,Kosmate / Morenka Team,322,23:51:10,0,,open,men,POL,Marcin,Hippner,POL,Marcin,Sontowski,,,
29,Bad Planning,322,24:02:47,3,,open,mixed,EST,Olga,Andrejeva,EST,Neeme,Loorits,,,
30,Lost,321,23:59:03,0,,veteran,mixed,LAT,Ildze,Straume,EST,Armo,Hiie,,,
31,Seiklushunt Adventure Team,320,22:11:30,0,,open,mixed,EST,Arvi,Anton,EST,Reeda,Tuula,EST,Sander,Linnus
32,Libahunt,317,23:38:24,0,,veteran,men,EST,Mairolt,Kakko,EST,Veikko,Tamlak,,,
33,Get Lost!! Running Racing,317,23:39:17,0,,veteran,men,USA,Vladimir,Gusiatnikov,USA,Dennis,Wilkinson,,,
34,Arena dream team,316,23:47:55,0,,open,women,RUS,Anna,Burlinova,RUS,Maria,Plyashechko,,,
35,Lilleke sohu,315,23:51:55,0,,open,women,EST,Eleri,Hirv,EST,Piibe,Tammemäe,,,
36,Squirrels,310,23:33:43,0,,open,women,RUS,Natalia,Abramova,RUS,Irina,Safronova,,,
37,Liedagi-35,310,23:48:35,0,,open,mixed,LAT,Fadejs,Precinieks,LAT,Zelma,Preciniece,,,
38,Ukraine Mr. and Mrs. Smith,309,23:28:19,0,,open,mixed,UKR,Volodymyr,Bezditnyi,UKR,Olena,Myronenko,,,
39,Wild Run Rus,309,23:33:17,0,,open,mixed,RUS,Anton,Tampel,RUS,Irina,Borevich,,,
40,Humsters,305,23:16:03,0,,open,mixed,UKR,Mykola,Vikhtiuk,UKR,Olha,Cheberakha,,,
41,Dobyti severniho polu,305,23:45:54,0,,open,mixed,CZE,Aleš,Balcar,CZE,Jana,Balcarova,,,
42,Zalas Turbo Kedas,305,23:50:23,0,,veteran,men,LAT,Gints,Pētersons,LAT,Raitis,Muižnieks,,,
43,inov-8 / paproć Team POLSKA,303,23:20:55,0,,open,men,POL,Michal,Jedroszkowiak,POL,Paweł,Jankowiak,,,
44,Team-TriO,301,23:31:31,0,,youth,mixed,UKR,Serhiy,Nahorniyuk,UKR,Anastasia,Basyuk,,,
45,42km.lv Senior,300,23:40:47,0,,veteran,men,LAT,Peteris,Drukis,LAT,Ints,Ulmanis,,,
46,Russian elks,300,23:46:12,0,,veteran,men,RUS,Leonid,Nikitin,RUS,Alexander,Khalyapin,,,
47,SKI-OB Sternberk,300,23:53:48,0,,veteran,men,CZE,Tomas,Vaclavek,CZE,Martin,Smolka,,,
48,Miia ja Sami,298,23:19:02,0,,veteran,mixed,FIN,Miia,Hovi,FIN,Sami,Levijoki,,,
49,Astra,295,23:06:28,0,,youth,women,UKR,Polina,Zakharova,UKR,Ekaterina,Dzema,,,
50,Rändajad,295,23:22:09,0,,veteran,women,EST,Merike,Mets,EST,Evelyn,Himma,,,
51,Baldwin Quinn,294,23:34:21,0,,veteran,mixed,AUS,David,Baldwin,AUS,Julie,Quinn,,,
52,X-rays-kernel-panic,294,23:58:34,0,,open,men,RUS,Roman,Kulikov,RUS,Sergey,Pikuz,RUS,Maxim,Tsvetkov
53,Mona V,293,23:56:55,0,,veteran,mixed,LAT,Baiba,Ozola,LAT,Jānis,Nāgelis,,,
54,Latvian Bulgarian friendship,290,23:46:01,0,,open,men,LAT,Peteris,Ledins,BUL,Nikolay,Nachev,,,
55,OC BSU,289,23:00:00,0,,open,men,BLR,Aliaksei,Memelau,BLR,Aliaksei,Shvants,,,
56,Izturība,289,23:52:50,0,,veteran,men,LAT,Artis,Dobulis,LAT,Edgars,Bremze,,,
57,Kuragan,287,23:59:52,0,,veteran,mixed,RUS,Alexander,Safonov,RUS,Irina,Safonova,,,
58,Happy Happy,286,23:51:51,0,,open,mixed,LTU,Inga,Zvinyte,LTU,Regimantas,Januskevicius,,,
59,Shortcut,285,20:56:51,0,,open,men,EST,Tarmo,Siimsaare,EST,Kristjan,Karabelnik,,,
60,MGJB,285,23:20:01,0,,open,men,LAT,Marcis,Gedins,LAT,Jevgenijs,Bondins,,,
61,Bukovina,285,23:38:59,0,,youth,men,UKR,Oleksandr,Kolchanov,UKR,Ivan,Andrusiak,,,
62,November,284,23:48:26,0,,open,women,UKR,Olena,Dotsenko,UKR,Natalia,Pustova,,,
63,Pirates,283,23:54:27,0,,open,mixed,RUS,Oleg,Petukhov,RUS,Daria,Petukhova,RUS,Andrey,Goryachkin
64,SC,282,23:24:47,0,,open,mixed,BLR,Volha,Rahautsova,BLR,Aliaksandr,Fedaryshkin,,,
65,312,282,23:44:46,0,,veteran,men,EST,Heno,Ivanov,EST,Raul,Kangur,,,
66,Rakvere Baseilo-Husqvarna team,280,23:33:26,0,,superveteran,men,EST,Aleksander,Pritsik,EST,Jaak,Rohtsalu,,,
67,Globitex,279,23:45:54,0,,superveteran,men,LAT,Viesturs,Tamuzs,LAT,Juris,Sinke,,,
68,Academy,279,23:52:05,0,,open,men,UKR,Anton,Puhovkin,UKR,Mykola,Hoienko,,,
69,Blomes trio,278,23:17:03,0,,open,men,LAT,Jurģis,Eberhards,LAT,Rūdolfs,Eberhards,LAT,Renārs,Eberhards
70,KĀPA LR,277,23:46:48,0,,superveteran,mixed,LAT,Rolands,Laveiķis,LAT,Ligita,Grunde,,,
71,Moon is the Sun,274,23:21:20,0,,veteran,women,EST,Lea,Leppik,EST,Airi,Alnek,,,
72,Ampēriņš,274,23:37:21,0,,open,mixed,LAT,Madara,Apsalone,LAT,Aleksandrs,Riguns,LAT,Jānis,Kalniņš
73,Tare,273,23:22:04,0,,superveteran,men,EST,Tiit,Tali,EST,Jaanus,Reha,,,
74,Devil Hill Wanderers,273,23:24:09,0,,veteran,women,FIN,Tarja,Törmikoski,FIN,Reetta,Heiskanen,,,
75,ASIE PIPARI,273,23:44:19,0,,superveteran,men,LAT,Ilmars,Kaulakans,LAT,Harijs,Lacars,LAT,Juris,Drunka
76,Meža Rūķi,273,23:49:25,0,,open,men,LAT,Marcis,Bogdanovs,LAT,Jānis,Bogdanovs,,,
77,Malači,271,23:39:06,0,,superveteran,mixed,LAT,Velga,Buša,LAT,Uldis,Pekuss,,,
78,Bukovina-Inov 8,271,23:54:23,0,,superveteran,mixed,UKR,Valentyna,Bevzo,UKR,Volodymyr,Lipka,,,
79,TAP in Latvia,271,23:57:14,0,,open,mixed,CZE,Vitezslav,Zajic,CZE,Katerina,Zamazalova,,,
80,Team 1Life & Cvalajici Olihen,269,23:26:04,0,,veteran,women,CZE,Helena,Polaskova-Menard,FIN,Ulla,Silventoinen,,,
81,Lupus Extreme,268,23:27:02,0,,veteran,men,FIN,Janne,Snellman,FIN,Mika,Talvisilta,,,
82,Smeshariki,268,23:27:33,0,,open,mixed,UKR,Olena,Babych,UKR,Kyryl,Odnokoz,,,
83,Run & chill,267,23:40:18,0,,open,women,LTU,Monika,Gotcaityte,LTU,Neringa,Zemaityte,,,
84,Tosin,266,23:31:03,0,,veteran,mixed,EST,Ilmar,Raap,EST,Riika,Ploompuu,,,
85,TutiVaps,266,23:36:48,0,,veteran,men,EST,Aivar,Liivrand,EST,Jaak,Väärsi,,,
86,StruGGle!,266,23:42:45,0,,open,men,RUS,Georgiy,Ilgach,RUS,Yuriy,Tabolin,,,
87,Kalush-Kharkiv,266,23:44:58,0,,youth,men,UKR,Andriy,Hudz,UKR,Dmytro,Kvarta,,,
88,Bukaušu ekspresis,264,23:30:06,0,,veteran,mixed,LAT,Jānis,Virbulis,LAT,Edgars,Ruža,LAT,Līga,Virbule
89,Vichy,263,23:35:35,0,,open,men,LAT,Valdis,Cunka,LAT,Kaspars,Adijans,,,
90,Divi veči,261,23:40:49,0,,ultraveteran,men,LAT,Jānis,Biezais,LAT,Uldis,Alksnis,,,
91,Kherson,260,23:44:10,0,,youth,mixed,UKR,Yuliya,Kobets,UKR,Artem,Sidorenko,,,
92,GuN 2017,259,23:03:00,0,,veteran,men,LAT,Nikolajs,Lucāns,LAT,Guntis,Pikurs,,,
93,HP-Sport team,259,23:49:56,0,,youth,women,EST,Helis,Pajuste,EST,Elina-Emiilie,Leht,,,
94,kOleso,259,23:51:40,0,,superveteran,men,RUS,Oleg,Zhegusov,RUS,Anatoliy,Shostatskiy,,,
95,OK Kurmis,258,22:04:00,0,,open,men,LAT,Emīls,Endele,LAT,Matīss,Vīksne,,,
96,KRASNOGORSK,258,23:42:20,0,,superveteran,men,RUS,Mikhail,Lukin,RUS,Igor,Chernyshov,,,
97,Lost Control,256,24:14:54,15,,veteran,mixed,AUS,Andrew,Smith,AUS,Toni,Bachvarova,,,
98,Jokers-Santa Monica Networks,255,23:44:34,0,,open,men,LTU,Audrius,Rudys,LTU,Algimantas,Janušauskas,,,
99,CerPa,255,23:50:00,0,,open,men,CZE,Jan,Čermak,CZE,Vaclav,Papeš,,,
100,Amazing Race,254,23:13:42,0,,veteran,mixed,FIN,Leena,Ojala,FIN,Jani,Isoluoma,,,
101,2NN Deers,254,23:44:06,0,,veteran,men,RUS,Sergey,Konstantinov,RUS,Grigoriy,Luchinin,,,
102,CT NOMA,253,22:48:24,0,,veteran,men,LAT,Kaspars,Jansons,LAT,Jānis,Dalderis,,,
103,Naturkompaniet-Pioneers,253,23:21:24,0,,veteran,men,SWE,Tommy,Ivarsson,SWE,Magnus,Holmen,,,
104,Fujitsu High Power Team,252,23:43:19,0,,veteran,mixed,EST,Anneken,Lemberg,EST,Priit,Evardi,,,
105,GBLHI,252,23:53:20,0,,veteran,men,POL,Leszek,Herman-Izycki,POL,Gabriel,Bujakiewicz,,,
106,Festina Lente,251,23:42:42,0,,superveteran,mixed,EST,Marje,Viirmann,EST,Sulev,Kuiv,EST,Peep,Eomois
107,Dawdle One and Dawdle Two,250,23:05:34,0,,superveteran,men,AUS,Rod,Gray,AUS,Geoff,Lawford,,,
108,Punkt leitud,250,23:35:32,0,,veteran,men,EST,Raul,Sankovski,EST,Ivar,Lai,,,
109,Uppsala Multisport,248,23:11:48,0,,open,mixed,SWE,Anders,Jansson,SWE,Pernilla,Lagergren,,,
110,ShaleniTaNestrimni,247,23:01:14,0,,open,women,UKR,Ievgeniia,Trygub,UKR,Daria,Tomash,,,
111,Riga Adventure Team / KoBalts,247,23:34:16,0,,open,men,LAT,Jānis,Šneiders,LAT,Andis,Grandāns,LAT,Alberts,Jasāns
112,aegluubid,246,23:29:03,0,,open,mixed,EST,Ragnar,Leimann,EST,Britt,Jaaska,,,
113,Estonian Aviation Academy,245,22:05:17,0,,open,mixed,EST,Rene,Käsik,EST,Viiu,Juurik,EST,Roland,Truus
114,Without haste,244,22:36:52,0,,veteran,men,LAT,Jurijs,Narels,LAT,Pēteris,Krastiņš,,,
115,Līvāni,244,23:34:44,0,,superveteran,mixed,LAT,Varis,Peisenieks,LAT,Gundega,Jurāne,LAT,Jānis,Turks
116,Sappion Veikot,243,21:12:30,0,,open,men,FIN,Petri,Jykylä,FIN,Taneli,Autio,,,
117,7.62,243,23:37:25,0,,open,women,RUS,Daria,Veselkova,RUS,Anna,Moiseeva,,,
118,RAID.lv,242,23:17:53,0,,veteran,men,LAT,Normunds,Laipnieks,LAT,Kristaps,Epners,,,
119,Tallinn Winterswimming Center,242,23:23:06,0,,open,men,EST,Raido,Laidla,EST,Rainer,Jõesaar,,,
120,QLM,241,23:32:14,0,,ultraveteran,men,EST,Arvo,Kivikas,EST,Tõnu,Nurm,EST,Johannes,Tasa
121,IY-TA,241,23:52:18,0,,veteran,women,RUS,Iyliia,Davidova,RUS,Tatiana,Sekhina,,,
122,Otepää Running Tour,235,22:52:37,0,,open,men,EST,Marko,Teder,EST,Margus,Mäll,,,
123,KOBRAS DUO,235,23:14:54,0,,superveteran,women,EST,Reet,Johanson,EST,Saima,Värton,,,
124,Dad will fix it,234,23:21:25,0,,open,men,LAT,Edgars,Peics,LAT,Arvids,Ozolins,,,
125,Loose Tim-Tams,234,23:32:04,0,,veteran,women,AUS,Tamsin,Barnes,GBR,Lucy,Wiegand,,,
126,SerVer,234,23:39:24,0,,veteran,mixed,RUS,Sergey,Tereshin,RUS,Vera,Mizonova,,,
127,SPAMMA,233,23:48:12,0,,open,men,LAT,Raitis,Birznieks,LAT,Kaspars,Vītols,,,
128,Lightpacker.ru,232,22:58:48,0,,open,mixed,RUS,Roman,Vazhnov,RUS,Tatiana,Tsukhlo,,,
129,BEZ STRESA,232,23:46:14,0,,open,men,LAT,Viesturs,Šlosbergs,LAT,Renārs,Skudra,,,
130,Riga Adventure Team win-win-win,231,23:01:06,0,,open,mixed,LAT,Juris,Ritums,LAT,Liva,Medne,LAT,Mārtiņš,Ozoliņš
131,Daivas,230,22:37:05,0,,veteran,women,LAT,Aiva,Skopāne,LAT,Dace,Ikšele,,,
132,Gingerbread House,230,23:33:10,0,,open,men,RUS,Aleksey,Afanasjev,RUS,Igor,Afanasjev,,,
133,Davaičik Zaičiki!,230,23:45:39,0,,open,women,LAT,Zane,Dzirkale,LAT,Līga,Berķe,,,
134,TDK Sānsolītis,230,23:48:35,0,,open,mixed,LAT,Kristaps,Tamužs,LAT,Edgars,Šadris,RUS,Lydia,Konakova
135,The Royals,229,23:52:58,0,,ultraveteran,men,AUS,Andy,Macqueen,AUS,Greg,King,,,
136,French Toast Mafia,227,21:44:43,0,,open,mixed,LAT,Rolands,Rudītis,LAT,Edgars,Kokorevičs,LAT,Inese,Kokoreviča
137,Slapjie pumpuri,227,23:17:19,0,,open,men,LAT,Aigars,Čeksters,LAT,Vilnis,Frišfelds,,,
138,Dream Team 53,227,23:45:12,0,,veteran,men,RUS,Alexey,Eremenko,RUS,Nikolay,Khramov,,,
139,Historici,226,23:28:47,0,,veteran,mixed,CZE,Michal,Klapka,CZE,Milada,Klapkova,,,
140,Chudovo-Peterburg,226,23:43:51,0,,superveteran,men,RUS,Aleksandr,Kopelevich,RUS,Sergey,Cherkesov,,,
141,Bludne balvany,226,23:46:50,0,,superveteran,mixed,CZE,Vladimir,Hora,CZE,Magda,Horova,,,
142,Save the Fluffy Unicorn,224,20:42:25,0,,youth,mixed,LAT,Ieva,Ivbule,LAT,Aivars,Lucijanovs,,,
143,Kyiv-Kherson,224,23:26:52,0,,youth,mixed,UKR,Mykyta,Chernyshev,UKR,Kristina,Redchenko,,,
144,Teply Stan,224,23:39:06,0,,open,mixed,RUS,Sergey,Kolesov,RUS,Roman,Roschin,RUS,Vera,Knotko
145,Peterburg-Sochi,224,23:42:10,0,,superveteran,mixed,RUS,Igor,Komin,RUS,Anna,Boiko,,,
146,Michikusa Biyori,223,23:41:29,0,,open,men,JPN,Makoto,Suzuki,JPN,Taiki,Fukushima,,,
147,AMBER FOX,223,23:45:39,0,,veteran,women,LAT,Ilze,Kremere,LAT,Ieva,Simsone,,,
148,MCO-RM,221,23:41:21,0,,veteran,men,RUS,Vadim,Anisimov,RUS,Boris,Dimitrov,,,
149,Punktotaji,220,23:12:19,0,,veteran,mixed,LAT,Ruta,Poikane,LAT,Aivis,Poikans,,,
150,Izrakteņi,220,23:44:53,0,,open,men,LAT,Edgars,Jurjāns,LAT,Prans,Brazdausks,,,
151,Viimeiset pirkkalaiset,220,23:48:39,0,,veteran,men,FIN,Tapani,Koskinen,FIN,Vesa,Hyvärinen,,,
152,Resnais Susurs,219,23:05:57,0,,veteran,men,LAT,Māris,Avotiņš,LAT,Ainārs,Cīrulis,,,
153,TEAM Ajari,219,23:38:01,0,,veteran,mixed,JPN,Rika,Tajima,JPN,Shin,Murakoshi,,,
154,dumb ways to die (mountaineering club MPEI),218,21:18:21,0,,open,mixed,RUS,Sergey,Smotrakov,RUS,Ksenia,Kuzina,,,
155,Losiny53rus 1,218,22:47:02,0,,open,women,RUS,Alla,Zinina,RUS,Elena,Vetrova,,,
156,Leshy - Peshiy,218,23:29:10,0,,superveteran,men,RUS,Vitaly,Lyubin,RUS,Valerii,Gubashov,RUS,Vadim,Karaganov
157,Sovluk,218,23:36:48,0,,superveteran,mixed,RUS,Alexander,Sovetov,RUS,Sergey,Lukin,RUS,Olga,Danilchenkova
158,IBIZA,217,23:30:17,0,,veteran,women,LAT,Inese,Bērziņa,LAT,Iveta,Zāģere,,,
159,Adventure Aura,216,23:49:34,0,,open,mixed,RUS,Igor,Elman,RUS,Ekaterina,Menshova,,,
160,SLOW MOTION,216,23:51:24,0,,superveteran,men,LTU,Gintaras,Gedvilas,LTU,Raimondas,Kondrotas,,,
161,Kaks Kanget,215,20:57:43,0,,open,men,EST,Kaimar,Kerno,EST,Heiki,Tiikoja,,,
162,Steenbergen,215,23:30:26,0,,veteran,mixed,AUS,Helen,Steenbergen,AUS,Ed,Steenbergen,,,
163,KĀPA VR,215,23:45:04,0,,ultraveteran,mixed,LAT,Volli,Kukk,LAT,Ruta,Kukka,,,
164,Number 13,214,23:21:26,0,,veteran,women,RUS,Elena,Krylova,RUS,Larisa,Andreeva,RUS,Svetlana,Sokolova
165,Silaine,214,23:23:45,0,,superveteran,men,LAT,Guntis,Dude,LAT,Viesturs,Dude,,,
166,skrienam lēni orientēties nemākam (OK Ogre),214,24:02:33,3,,open,mixed,LAT,Elīna,Masteiko,LAT,Andris,Rozenbergs,,,
167,Kulgevad,213,22:04:52,0,,superveteran,mixed,EST,Andrus,Sipsaka,EST,Tiina,Talisoo,,,
168,Martini in Cuba,213,22:56:58,0,,open,men,LAT,Mārtiņš,Sandars,LAT,Mārtiņš,Deičmanis,LAT,Mārtiņš,Lukstaraups
169,Lenosi,213,23:32:59,0,,open,men,CZE,Filip,Cernoch,CZE,Tomas,Belohlavek,,,
170,Nevermore,212,23:31:12,0,,veteran,men,USA,Dmitriy,Lavrov,RUS,Yury,Voronov,,,
171,DimDim,211,23:07:45,0,,open,men,LAT,Dmitrijs,Žarovs,LAT,Dmitrijs,Skripačevs,,,
172,I TUSCANIA Adventure Team,210,22:20:44,0,,veteran,men,ITA,Federico,Caldini,ITA,Marco,Castagneri,,,
173,Vika Suunta,210,22:30:55,0,,open,men,FIN,Petteri,Nikki,FIN,Pasi,Pekkala,,,
174,One more time,210,22:49:35,0,,open,women,RUS,Maria,Aleshina,RUS,Olga,Buyanina,,,
175,Twister,208,18:06:21,0,,open,mixed,EST,Sven,Liivand,EST,Siiri,Mere,,,
176,Ape / Gaujiena,208,21:48:12,0,,veteran,men,LAT,Māris,Vabulnieks,LAT,Raivis,Kalniņš,,,
177,Zebiekstes,208,23:13:10,0,,veteran,women,LAT,Maija,Rumaka,LAT,Ilvija,Madsena,,,
178,Staying alive,208,23:20:14,0,,open,men,LAT,Arnis,Malbergs,LAT,Martins,Ozolins,,,
179,Durbe & Kurmis,208,23:41:00,0,,superveteran,women,LAT,Silvija,Penkule,LAT,Gunta,Lebedoka,,,
180,Wartookians,208,23:42:28,0,,ultraveteran,men,AUS,Tim,Dent,AUS,Rob,Taylor,AUS,Graham,Anderson
181,Fraternitas Livonica,207,18:54:53,0,,open,men,LAT,Agris,Auce,LAT,Mārtiņš,Krūmiņš,,,
182,VN-1,207,22:55:09,0,,ultraveteran,mixed,RUS,Alexander,Orlov,RUS,Yuriy,Vekshin,RUS,Galina,Semenova
183,Lynx-Lynx,207,23:11:56,0,,veteran,mixed,EST,Tõnu,Ilves,EST,Elin,Ilves,,,
184,Wikipedia,206,19:21:24,0,,open,mixed,CAN,James,Heilman,JPN,Wakana,Heilman,,,
185,3 man on tree,206,23:15:35,0,,open,men,LAT,Rolands,Auziņš,LAT,Leons,Mednis,LAT,Mārtiņš,Zariņš
186,Rieksti mežā,206,23:37:34,0,,open,men,LAT,Raimonds,Ozoliņš,LAT,Viktors,Saveļjevs,,,
187,HP - Sport team Inferno,204,23:27:45,0,,youth,women,EST,Kadri,Ustav,EST,Kristin,Viikmaa,,,
188,knapie,203,23:29:47,0,,veteran,mixed,LAT,Mārtiņš,Dravants,LAT,Ineta,Bārdiņa,,,
189,Cariboo Silvertips,202,23:25:12,0,,ultraveteran,men,CAN,Bryan,Chubb,CAN,Leo,Rankin,,,
190,Pašiem prieks,202,23:48:15,0,,veteran,mixed,LAT,Uldis,Gaiss,LAT,Gita,Gaisa,,,
191,BWCA,201,20:48:36,0,,open,mixed,LAT,Artūrs,Graube,LAT,Jānis,Pizičs,LAT,Vizma,Kigitoviča
192,SK Sigulda,201,22:16:23,0,,open,mixed,LAT,Aiga,Rozenberga,LAT,Normunds,Kuzāks,,,
193,eBIOpower,201,23:39:38,0,,open,men,LAT,Gatis,Gaņģītis,LAT,Imants,Iesalnieks,LAT,Juris,Pētersons
194,DNEPR,200,23:43:43,0,,youth,women,UKR,Anna,Hudelaitis,UKR,Viktoriia,Tkachuk,,,
195,Maren,199,23:29:38,0,,superveteran,women,EST,Ene,Sulg,EST,Marje,Tobreluts,,,
196,Ekipējuma pārbaude,198,23:19:38,0,,veteran,mixed,LAT,Toms,Puravs,LAT,Svetlana,Kuļčihina,,,
197,Sēlijas mežs,198,23:46:19,0,,superveteran,men,LAT,Aivars,Druvenieks,LAT,Andris,Bērziņš,,,
198,Jaukie džeki,197,23:33:57,0,,youth,men,LAT,Edijs,Dzalbs,LAT,Valters,Reneslācis,,,
199,Bukovina-2K,197,23:36:52,0,,youth,women,UKR,Aliona,Nigda,UKR,Olha,Ilkova,,,
200,Like a mole in daylight,196,22:49:38,0,,open,men,LAT,Krists,Krastiņš,LAT,Mārtiņš,Bērziņš,,,
201,ZAJEC,196,23:46:17,0,,veteran,men,LAT,Juris,Kļaviņš,LAT,Portnajs,Ingus,,,
202,42km.lv,194,19:43:56,0,,veteran,mixed,LAT,Mārtiņš,Godiņš,LAT,Ieva,Godiņa,,,
203,Dark Men of Turku,194,23:35:27,0,,veteran,men,FIN,Timo,Lainema,FIN,Marko,Orell,,,
204,S.T.,193,23:32:52,0,,veteran,mixed,EST,Toomas,Aan,EST,Siret,Pärtel,,,
205,MI-39,192,19:27:45,0,,veteran,men,EST,Martin,Aunin,EST,Indrek,Saarepera,,,
206,Čop Čop Čop,192,19:41:34,0,,open,women,LAT,Gunita,Sprude,LAT,Ieva,Ruksane,LAT,Ieva,Nagele
207,P.S.,192,22:50:21,0,,open,mixed,LAT,Signe,Zavadska,LAT,Peteris,Zavadskis,,,
208,VV,192,23:25:14,0,,veteran,mixed,RUS,Vladimir,Voronchikhin,RUS,Yulia,Veksler,,,
209,Vivid Dick,192,24:26:54,27,,superveteran,mixed,AUS,Richard,Robinson,NZL,Vivienne,Prince,,,
210,Suusahullud,191,20:49:27,0,,veteran,women,EST,Mari,Punab,EST,Made,Vares,,,
211,ALNIS MV,191,22:34:06,0,,veteran,men,LAT,Zintis,Brasavs-Muižnieks,LAT,Salvis,Brasavs,,,
212,RI PALMA47,191,23:34:15,0,,open,men,ESP,Alejandro,Menendez,ESP,Pablo,Garcia,,,
213,Privātbūve,190,23:42:02,0,,superveteran,men,LAT,Vairis,Krauklis,LAT,Jānis,Dainis,,,
214,MK,190,23:46:59,0,,veteran,mixed,RUS,Marina,Borovkova,LAT,Aigars,Vītiņš,,,
215,Alusala,190,23:47:58,0,,veteran,men,LAT,Dzintars,Laķis,LAT,Arvis,Zvanītājs,,,
216,Offwidth,189,22:17:47,0,,open,men,RUS,Daniel,Engovatov,RUS,Stanislav,Smetana,,,
217,Matrix,189,23:24:16,0,,veteran,women,LAT,Rota,Šņuka,LAT,Anda,Lejasblusa,,,
218,Red Dry,189,23:43:05,0,,veteran,men,RUS,Denis,Mitrofanov,RUS,Pavel,Yakovlev,,,
219,Lauvas,188,23:22:27,0,,veteran,mixed,LAT,Aivis,Gailītis,LAT,Gunda,Plūmane,,,
220,Team Iida Finland,187,15:47:08,0,,veteran,women,FIN,Anne,Polso,FIN,Tanja,Rannila,,,
221,SPAMMA WALKS,187,23:06:22,0,,open,men,LAT,Janis,Strazdins,LAT,Andis,Skele,,,
222,Power Squawk,187,23:41:44,0,,youth,mixed,AUS,Ciara,Smart,AUS,Murray,Pinnock,,,
223,Būs all mighty,186,18:36:52,0,,open,mixed,LAT,Ēriks,Lebedoks,LAT,Alma,Vītola,,,
224,LuzerX,186,19:09:43,0,,open,mixed,LAT,Sandra,Priedīte,LAT,Matīss,Šulmanis,,,
225,Saaristo,185,23:05:00,0,,open,men,LAT,Jānis,Kukks,LAT,Dāvis,Lūsa,,,
226,Alchevsk iron,185,23:13:04,0,,open,mixed,UKR,Mykola,Bazarov,UKR,Anastasiia,Mozolevska,,,
227,Restart,184,18:44:07,0,,veteran,women,LAT,Marika,Cabija,LAT,Liga,Gutnika,,,
228,Pinguini Team,183,19:39:11,0,,open,mixed,ITA,Simone,Grassi,ITA,Heike,Torggler,,,
229,Kažokzvēri,183,23:34:26,0,,open,women,LAT,Inga,Kāpiņa,LAT,Dace,Veipa,,,
230,Romanichi,183,23:57:08,0,,veteran,mixed,LAT,Romans,Koskins,LAT,Ilva,Koskina,,,
231,Strange Days,183,23:57:46,0,,open,mixed,RUS,Anna,Avramenko,RUS,Mikhail,Nikonov,,,
232,Green power,182,19:25:02,0,,veteran,men,LAT,Armands,Teteris,LAT,Ivars,Purviņš,,,
233,J&J WEST,182,22:55:42,0,,veteran,men,EST,Jaak,Kanniste,EST,Joe,Lepp,,,
234,Lendorav,181,17:37:46,0,,superveteran,men,EST,Maido,Kaljur,EST,Mati,Preitof,,,
235,Rolling Snails,181,22:49:47,0,,superveteran,mixed,LAT,Ilze,Laure,LAT,Jānis,Eglītis,,,
236,Desert Coyotes,181,23:30:19,0,,veteran,men,USA,Ron,Birks,USA,Mike,Wilke,,,
237,Nord-West OK St.Petersburg,181,23:53:24,0,,open,mixed,RUS,Vladimir,Ivanov,RUS,Natalia,Khodchenko,,,
238,Born in 84,180,19:57:01,0,,open,men,LAT,Didzis,Šapkus,LAT,Artūrs,Vaselis,,,
239,Sääsehirm,179,22:54:45,0,,veteran,mixed,EST,Merle,Lilleoru,EST,Tarvo,Jõeste,,,
240,Xteam-KSV.ee Dankotaru Haika,178,21:55:59,0,,open,women,EST,Marjaliisa,Umb,EST,Elise,Umb,,,
241,Way of Wind,178,23:05:29,0,,youth,women,RUS,Ekaterina,Mikheeva,RUS,Varvara,Vaskova,RUS,Vera,Vaskova
242,Partaci,178,23:27:23,0,,superveteran,men,CZE,Tomas,Zdrahal,CZE,Frantisek,Albert,,,
243,GoldTeam,178,23:35:19,0,,veteran,mixed,RUS,Andrey,Zolotykh,RUS,Ekaterina,Zolotykh,,,
244,kangdjoktjo,178,23:36:11,0,,superveteran,women,CZE,Vera,Hajkova,CZE,Zuzana,Setinkova,,,
245,Avant,178,23:37:09,0,,ultraveteran,men,RUS,Aleksandr,Lisenenkov,RUS,Evgenii,Emelianov,,,
246,Õuesõpe,178,23:56:44,0,,open,men,EST,Vaido,Salis,EST,Meelis,Muhk,,,
247,VIVERE,177,17:43:21,0,,veteran,men,LAT,Jānis,Andersons,LAT,Arnis,Ivbulis,,,
248,Savam Priekam,177,20:57:55,0,,open,mixed,LAT,Janis,Pelss,LAT,Liga,Kornenkova,,,
249,Saule pāri visam,177,23:18:38,0,,veteran,mixed,LAT,Videga,Gaigala,LAT,Kaspars,Liepiņš,,,
250,SUSLIKI,177,23:24:54,0,,veteran,mixed,LAT,Mareks,Meņšikovs,LAT,Rasa,Liepiņa,,,
251,AEZ,177,23:34:12,0,,superveteran,mixed,LAT,Eduards,Zvirbulis,LAT,Zaiga,Zvirbule,,,
252,Baltie Zalkši,177,23:40:12,0,,veteran,mixed,LAT,Baiba,Kaškina,LAT,Sandris,Greilihs,LAT,Ivars,Krenklis
253,KĀ2,177,23:40:18,0,,superveteran,women,LAT,Dace,Saulīte,LAT,Sarmīte,Vlodare,,,
254,ELO,176,17:51:57,0,,veteran,men,EST,Ülo,Viru,EST,Urnas,Tammemäe,,,
255,Jūra līdz ceļiem,173,21:20:03,0,,veteran,women,LAT,Indra,Segliņa,LAT,Ieva,Vītoliņa,,,
256,Beyond the bounds!,172,23:07:19,0,,open,men,RUS,Maksim,Pinchuk,RUS,Pavel,Shmidt,,,
257,Tyrannosaurus X,171,14:13:30,0,,open,men,RUS,Vsevolod,Samartsev,RUS,Pavel,Sorokin,,,
258,Gentlemen`s Club / Ko Te Notiek,171,21:38:56,0,,open,mixed,LAT,Uldis,Kleinbergs,LAT,Kristaps,Pilskalns,LAT,Gita,Vilensone
259,Velux/mySport,171,23:31:17,0,,open,men,LAT,Māris,Sumčenko,LAT,Jānis,Stašāns,,,
260,ELEVATION,170,17:00:58,0,,open,men,LAT,Mārtiņš,Galvanovskis,LAT,Anrijs,Tērauds,LAT,Atis,Caune
261,Mēs ar putniem,170,23:21:47,0,,open,women,LAT,Laura,Mazmača,LAT,Gunta,Blūzma,,,
262,Visad Vanurid,170,23:36:19,0,,ultraveteran,women,EST,Eha,Arb,EST,Virve,Orav,,,
263,Sk MAGNEN,170,23:50:35,0,,open,men,LAT,Edgars,Kļaviņš,LAT,Guntis,Rasims,,,
264,LOSIny53-2,168,23:30:32,0,,open,women,RUS,Anna,Orlova,RUS,Nadezhda,Eremenko,RUS,Elena,Khramova
265,Kawe,167,20:59:12,0,,veteran,men,EST,Ago,Lauri,EST,Andres,Lohmus,,,
266,Keep Moving,167,23:38:17,0,,open,mixed,RUS,Olga,Kostromitinova,RUS,Anton,Monakhov,,,
267,Puujalad,166,13:23:57,0,,open,men,EST,Mehis,Muru,EST,Martin,Vilismäe,,,
268,Balta Cielava,166,23:01:58,0,,open,mixed,RUS,Maksim,Blagov,RUS,Anastasiia,Zubalii,,,
269,No pusvārda,166,23:46:03,0,,open,mixed,LAT,Anda,Saliņa,LAT,Raivis,Grīviņš,,,
270,Amatciems,166,24:07:42,8,,superveteran,mixed,LAT,Viesturs,Ziedins,LAT,Inara,Gipsle,,,
271,Biezpienmaize2,165,21:11:14,0,,open,men,LAT,Raitis,Bērziņš,LAT,Jānis,Sedlenieks,,,
272,TITURGAS IESPĒJU PARKS,164,19:12:11,0,,veteran,men,LAT,Sandis,Rudzītis,LAT,Aigars,Putnis,LAT,Juris,Mitčenko
273,Dinner Out,163,13:00:28,0,,open,men,LAT,Martins,Malzubris,LAT,Peteris,Tamuzs,,,
274,CARPE DIEM!,163,18:31:44,0,,veteran,mixed,EST,Reigo,Lehtla,EST,Annika,Vaher,,,
275,Velmara,162,23:26:53,0,,ultraveteran,women,LAT,Māra,Bolšteina,LAT,Velta,Zjatkova,,,
276,Havi käsul,161,22:56:22,0,,superveteran,men,EST,Paul,Aug,EST,Tiit,Olju,,,
277,Saue,160,21:35:20,0,,ultraveteran,mixed,EST,Toivo,Saue,EST,Anu,Saue,,,
278,RSK Jõhvikas,159,22:04:45,0,,open,men,EST,Allan,Roosimägi,EST,Karmo,Kübarsepp,,,
279,Proceeding On,159,23:32:09,0,,ultraveteran,women,USA,Sharon,Crawford,AUS,Robin,Spriggs,,,
280,CERĪBA BEZ STRESA,159,23:36:31,0,,veteran,women,LAT,Zane,Blumberga,LAT,Santa,Blūma,,,
281,HalFastAsleep,159,24:00:16,1,,superveteran,mixed,USA,Sue,Kuestner,USA,Gavin,Wyatt-Mair,,,
282,Stihacky,157,22:50:07,0,,open,women,CZE,Miroslava,Lindova,CZE,Barbora,Seidlova,,,
283,Vējagrābšļi,156,23:26:01,0,,veteran,mixed,LAT,Sanda,Rapa,LAT,Jānis,Rapa,,,
284,Natural Magic,155,16:53:21,0,,open,mixed,EST,Kertu,Savitsch,EST,Heiki,Savitsch,,,
285,Hämmelung,155,18:34:01,0,,open,men,EST,Taavi,Dovnar,EST,Margus,Lehtme,,,
286,Harhailujaos,154,23:48:02,0,,open,men,FIN,Ari-Tapio,Toivonen,FIN,Antti,Terävä,,,
287,TAKA X,154,23:59:43,0,,veteran,mixed,LAT,Jānis,Pētersons,LAT,Inese,Midrijāne,,,
288,No limits,153,15:32:58,0,,youth,mixed,EST,Kaisa,Rooba,EST,Herman,Rull,,,
289,ME,153,23:24:21,0,,open,mixed,LAT,Mara,Berzina,LAT,Edgars,Sturcs,,,
290,PAR TREŠO,153,23:40:52,0,,superveteran,women,LAT,Baiba,Puriņa,LAT,Brigita,Tamuža,,,
291,Maura pēdējā nopūta,153,23:56:24,0,,veteran,mixed,LAT,Valerijs,Sturis,LAT,Inese,Sture,,,
292,VAI VAI,152,23:04:10,0,,veteran,men,LAT,Viesturs,Otomers,LAT,Andis,Goldbergs,,,
293,TE!,151,22:17:51,0,,open,mixed,LAT,Toms,Biders,LAT,Elza,Žumbure,,,
294,Paulīnes,151,23:13:07,0,,veteran,mixed,LAT,Mudīte,Šteina,LAT,Skaidrīte,Otaņķe,LAT,Māris,Penkulis
295,Marmotes,151,23:44:25,0,,veteran,men,LAT,Raivo,Pusbarnieks,LAT,Guntars,Vība,,,
296,Zāģis un Zebiekste,150,16:36:25,0,,veteran,men,LAT,Gints,Ģērmanis,LAT,Aivars,Dzalbs,,,
297,Control Freaks,150,21:22:37,0,,superveteran,mixed,AUS,Janelle,Schafer,AUS,Michael,Schafer,,,
298,OM,149,23:25:21,0,,veteran,mixed,LAT,Aigars,Eriņš,LAT,Zanda,Kārkliņa,,,
299,mežā galvenais,148,15:09:49,0,,open,men,LAT,Māris,Freimanis,LAT,Renārs,Pūce,,,
300,Autostarts.lv,148,23:09:48,0,,veteran,mixed,LAT,Marita,Lapa,LAT,Aivars,Lapa,,,
301,Mambo Mzungu,146,21:32:19,0,,veteran,mixed,FIN,Paavo,Juntunen,FIN,Irina,Köntti,,,
302,STIHL Adventure Team,146,23:08:29,0,,open,men,EST,Mart,Kelk,EST,Peep,Teppo,,,
303,Kurase Hülged,146,23:23:11,0,,veteran,men,EST,Markko,Sinkkonen,EST,Veiko,Busch,,,
304,Ineši,146,23:38:20,0,,open,mixed,LAT,Agnese,Katlapa,LAT,Uldis,Katlaps,,,
305,JTP,145,23:43:42,0,,open,men,GER,Peter,McColgan,GER,Jan,Langer,GER,Thomas,McColgan
306,Čāpotāji,144,22:39:41,0,,open,mixed,LAT,Aija,Lorence,LAT,Jānis,Lorencs,,,
307,Nightcrawlers,144,23:31:04,0,,ultraveteran,mixed,USA,Eric,Smith,USA,Mary,Smith,,,
308,LL,144,23:32:37,0,,superveteran,women,RUS,Elena,Lisenenkova,RUS,Larisa,Uspenskaya,,,
309,Paha Rasti,143,20:06:32,0,,veteran,women,FIN,Teija,Liponkoski,FIN,Johanna,Piesala,,,
310,O-Turists,142,14:03:18,0,,open,men,EST,Erkki,Vahi,EST,Fred,Viidul,,,
311,Hibernējies Āpsis,142,15:46:00,0,,open,mixed,LAT,Kalvis,Upītis,LAT,Sanita,Ivanova,,,
312,Hoda`s People,142,22:58:40,0,,open,mixed,USA,Shannon,Cheng,USA,Ethan,O'Connor,,,
313,STK,142,23:28:01,0,,open,mixed,LAT,Jānis,Priedītis,LAT,Elīna,Aģe,LAT,Mārtiņš,Birums
314,OC BSU 2,138,17:42:28,0,,open,men,BLR,Dzmitry,Davidovich,BLR,Aliaksandr,Yeusiuchenia,,,
315,WITaj,138,20:56:41,0,,superveteran,mixed,CZE,Zbynek,Krejčik,CZE,Monika,Krejčikova,,,
316,OS Veikals,137,15:09:29,0,,veteran,men,LAT,Atis,Kalējs,LAT,Alvis,Mats,,,
317,ARA,136,23:39:16,0,,superveteran,women,LAT,Andra,Melbarde,LAT,Renate,Kokarevica,LAT,Andra,Jansone
318,Karun,135,21:38:01,0,,open,men,EST,Juhan,Karin,EST,Veiko,Karu,,,
319,Luiziana,135,23:31:37,0,,open,women,RUS,Natalia,Syraleva,RUS,Olga,Kyznetsova,,,
320,Rīta zvaigznes,135,23:49:25,0,,open,women,LAT,Agnese,Caune,LAT,Baiba,Veļika,,,
321,SEVEN,134,23:33:34,0,,open,mixed,LAT,Anete,Smilga,LAT,Modris,Šariņš,,,
322,Team France,133,18:55:46,0,,open,mixed,FRA,Olivier,Charbonnier,FRA,Robin,Elodie,,,
323,Apesciems,133,23:33:35,0,,veteran,women,LAT,Līga,Vabulniece,LAT,Sanita,Sproģe,,,
324,Alchevsk Wanderers,132,23:32:33,0,,superveteran,mixed,UKR,Yuriy,Shur,UKR,Tetiana,Drytova,,,
325,BLR-Brest,131,23:12:13,0,,open,men,BLR,Aliaksadr,Lukyanenka,BLR,Andrei,Kozich,,,
326,Polarlapsas,130,23:31:24,0,,superveteran,women,LAT,Ilze,Tāse,LAT,Dace,Cebule,,,
327,Atrodi ezi!,129,17:10:37,0,,open,women,LAT,Ilze,Puzule,LAT,Sintija,Levica,,,
328,Siguldas Takas,129,23:14:57,0,,open,men,LAT,Valdis,Janovs,LAT,Jēkabs,Janovs,LAT,Oto,Laiva
329,Trīs Vardes,128,16:15:01,0,,open,women,EST,Merle,Rohtla,EST,Jaana,Toomik,EST,Helen,Aart
330,Project B,127,23:48:07,0,,open,mixed,NOR,Jørn,Aadnevik,EST,Hedi,Vaikjärv,,,
331,Mauersegler Berlin,126,23:14:31,0,,veteran,mixed,GER,Charlet,Katrin,GER,Charlet,Norbert,,,
332,HP-Sport team Plus,125,22:04:51,0,,open,mixed,EST,Heiki,Pajuste,EST,Heleri,Pajuste,,,
333,Skudrulāči,125,23:10:07,0,,veteran,mixed,LAT,Anita,Paidere,LAT,Juris,Paiders,,,
334,Mushroom picker,125,23:35:04,0,,superveteran,mixed,RUS,Alexander,Diyakov,RUS,Elena,Semenova,,,
335,Huckleberries,124,22:21:13,0,,superveteran,mixed,USA,Ken,Lotze,USA,Carol,Johnson,,,
336,SK PRORUNNER/JomaEkspert,123,19:35:27,0,,open,mixed,EST,Viljar,Vallimäe,EST,Kadiliis,Kuiv,,,
337,Breivdīnuos iz Latgolu,123,19:42:43,0,,veteran,mixed,LAT,Pēteris,Strazdiņš,LAT,Astrīda,Celmiņa,,,
338,The Wanderers,123,19:55:52,0,,open,men,CAN,Kevin,Matrosovs,SWE,André,Bjärby,,,
339,Vikingi,123,22:58:49,0,,open,mixed,LAT,Guna,Martinsone,LAT,Jānis,Uzulēns,,,
340,Southern Stragglers,122,22:38:38,0,,superveteran,men,NZL,Vincent,Pooch,NZL,Peter,Jackson,,,
341,Divi Auni,121,9:42:26,0,,open,mixed,EST,Tõnis,Piirisild,EST,Inga,Siegert,,,
342,Dream time,121,22:52:25,0,,veteran,mixed,LAT,Dace,Zbitkovska,LAT,Aija,Dēliņa,LAT,Kārlis,Paukšs
343,RIJS,120,23:07:01,0,,ultraveteran,men,LAT,Jānis,Skrūzmanis,LAT,Ilmārs,Rieksts,,,
344,Piedzīvojumu meklējot,119,22:37:34,0,,veteran,women,LAT,Vita,Žukovska,LAT,Jana,Adata,LAT,Dina,Alksne
345,Trankatos,117,23:29:00,0,,veteran,mixed,LTU,Dainora,Samcenkiene,LTU,Liuda,Griciene,LTU,Algimantas,Plaipa
346,Big Brothers,116,20:19:29,0,,open,men,RUS,Alex,Minakov,RUS,Aleksander,Gorbachev,,,
347,Koksinels,116,23:08:34,0,,open,women,LAT,Agita,Sprude,LAT,Baiba,Zale,,,
348,Smart ants,115,23:15:40,0,,superveteran,women,LAT,Baiba,Kaļva,LAT,Agrita,Pilābere,,,
349,encompass.tv,114,23:15:49,0,,open,mixed,LAT,Roberts,Melbārdis,LAT,Evija,Rozīte,LAT,Baiba,Koka
350,Hooponopono,114,23:21:44,0,,veteran,mixed,LAT,Jānis,Pelēķis,LAT,Ilze,Kārkliņa,,,
351,KRITIŅBANDA,113,13:33:44,0,,open,mixed,LAT,Vladimirs,Seļms,LAT,Nils,Johansons,LAT,Vineta,Johansone
352,Resnie putni,112,17:00:20,0,,open,men,LAT,Madars,Bandenovičs,LAT,Sondars,Bandenovičs,,,
353,Steph & Eija,112,19:44:57,0,,open,women,NZL,Stephanie,Farrant,LAT,Linda,Eglite,,,
354,Metku,111,22:50:51,0,,open,men,FIN,Antti,Myllys,FIN,Mika,Vihervuori,FIN,Lauri,Launonen
355,Novaator RSK,110,18:45:45,0,,veteran,men,EST,Matis,Märtson,EST,Villu,Päärt,,,
356,Team 30+,109,10:51:46,0,,open,men,EST,Arno,Bachaus,EST,Aivo,Jõemets,,,
357,TAKA 2017,108,21:23:49,0,,ultraveteran,men,LAT,Arnolds,Kučinskis,LAT,Andris,Tauvens,,,
358,Čiuļi pi Rāznys,108,22:11:22,0,,open,men,LAT,Ints,Brunenieks,LAT,Zigmunds,Fricsons,,,
359,J & J,104,18:59:28,0,,superveteran,men,POL,Janusz,Olbrycht,POL,Jacek,Lapanowski,,,
360,FST Novorossiysk,104,22:24:22,0,,veteran,mixed,RUS,Gennadi,Seluminov,RUS,Svetlana,Gladkova,,,
361,THE OVERLANDERS,104,23:08:02,0,,veteran,men,AUS,Phillip,Yates,AUS,Richard,Pinnock,,,
362,Velikij Novgorod DIALOG,104,23:35:23,0,,superveteran,men,RUS,Victor,Titov,RUS,Sergej,Jan,,,
363,Meridians JJ TOP,103,9:13:59,0,,open,men,LAT,Janis,Butans,LAT,Janis,Naglis,,,
364,Vāvere,103,22:51:27,0,,veteran,mixed,RUS,Irina,Kukueva,RUS,Valery,Evgrafov,,,
365,Maģiskās sēnes,103,23:38:59,0,,open,women,LAT,Evija,Grinmane,LAT,Gunita,Dravniece,,,
366,Värska Originaal Team,102,11:25:05,0,,veteran,men,EST,Indrek,Mahla,EST,Lauri,Kikerpill,,,
367,Aussies in London,102,22:43:51,0,,open,mixed,AUS,Amanda,Fung,AUS,Harley,Stewart,,,
368,Sinoles Sūtņi,102,23:47:31,0,,open,men,LAT,Edijs,Jundzis,LAT,Aldis,Sebris,,,
369,Piedzīvojumu meklētāji,101,23:07:02,0,,open,mixed,LAT,Ģirts,Goško,LAT,Kristīne,Jansone,,,
370,Meža ogas,101,23:48:20,0,,veteran,women,LAT,Sintija,Alaine,LAT,Vizbulīte,Celmiņa,,,
371,EU! A KAS TE JĀDARA?,97,23:07:06,0,,superveteran,men,LAT,Andris,Kosmačevs,LAT,Normunds,Laucis,,,
372,Tagantjärele targemaks,96,11:54:08,0,,superveteran,mixed,EST,Liivi,Parik,EST,Anti,Parik,,,
373,Bolton Wanderers,96,16:33:14,0,,veteran,men,NED,Ahmed,Mohammad,GBR,Shahid,Mohammad,,,
374,Soli pa solim,94,24:11:14,12,,ultraveteran,women,LAT,Aija,Andersone,LAT,Anda,Plukše,,,
375,Tähdenlento,92,11:30:13,0,,veteran,women,FIN,Virva,Vuorenpää,FIN,Anu,Oksanen,,,
376,Fog,92,23:04:50,0,,veteran,women,LAT,Aija,Orniņa,LAT,Marita,Šalta,,,
377,Picafites Plus,92,23:16:03,0,,open,mixed,ESP,Nil,Armengol Panella,ESP,Jordi,Armengol Martinez,ESP,Clara,Panella Baro
378,OlLe RU,91,18:32:29,0,,ultraveteran,mixed,RUS,Olga,Lavrinovich,UKR,Lev,König,,,
379,MR-CSC,91,23:01:22,0,,open,mixed,ESP,Carles,Salvador Costa,EST,Mirjam,Randla,,,
380,TAKA,88,21:05:53,0,,veteran,men,LAT,Pēteris,Īvāns,LAT,Gatis,Kalniņš,,,
381,Neverending story,86,21:55:38,0,,veteran,women,LAT,Zane,Grava,LAT,Regīna,Siksna,,,
382,VN-2,85,23:28:00,0,,superveteran,mixed,RUS,Ivan,Kazantsev,RUS,Alina,Kazantseva,,,
383,Kas meklē tas atrod!,80,23:25:51,0,,open,women,LAT,Kristīna,Ēce,LAT,Zita,Grante,,,
384,Bebrenes,79,22:49:55,0,,superveteran,women,LAT,Ilze,Vabole,LAT,Inese,Purgaile,LAT,Izolde,Jumare
385,KaMap,78,10:35:53,0,,superveteran,mixed,RUS,Irina,Kapustjan,RUS,Vladimir,Martynov,,,
386,Seakisa,78,19:54:59,0,,open,men,EST,Ramon,Reimets,EST,Miiko,Vainer,,,
387,Long Live Jamaica,75,7:18:16,0,,open,men,LAT,Kārlis,Kučinskis,LAT,Mārcis,Laganovskis,,,
388,Skrudu zūpnis,74,24:21:15,22,,open,mixed,LAT,Daina,Pastare,LAT,Eduards,Kalnāre,,,
389,Elfi/Ventspils-Līgatne,73,9:23:04,0,,superveteran,mixed,LAT,Imants,Caklis,LAT,Alida,Abola,,,
390,ECLIPSE,73,9:23:10,0,,ultraveteran,men,LAT,Helmuts,Lukačovs,LAT,Vitolds,Bērziņš,,,
391,Team Ames,73,14:42:31,0,,superveteran,mixed,USA,Peter,Graube,LAT,Benita,Vitola,,,
392,Fotosintēzes Sintezētāji,73,18:50:41,0,,youth,men,LAT,Arvis,Zeibots,LAT,Kristers,Kalniņš,,,
393,Zaļās pēdas,73,18:53:21,0,,youth,men,LAT,Vits Ādams,Olte,LAT,Rimants,Stankevičs,LAT,Rihards,Vasels
394,Putnāki,73,19:02:35,0,,open,women,LAT,Kristīne,Puziņa,LAT,Marta Simona,Štile,LAT,Lilita,Saulīte
395,HM,73,22:34:29,0,,ultraveteran,men,EST,Mati,Merilo,EST,Helgo,Tiidor,,,
396,Baranovski,71,22:58:22,0,,open,men,EST,Sergei,Baranovski,EST,Ivan,Baranovski,EST,Pavel,Arhipov
397,LFK Pyatyorka,68,22:43:38,0,,youth,men,RUS,David,Frenklakh,RUS,Kirill,Kazarnovskiy,,,
398,Devil Hill Wanderers men,67,23:13:20,0,,veteran,men,FIN,Kai,Törmikoski,FIN,Riku,Kankkunen,,,
399,Jekaba Agentura,64,7:56:35,0,,ultraveteran,mixed,LAT,Uldis,Alksnis,LAT,Mudite,Alksne,,,
400,13-i vagon,63,23:37:47,0,,open,mixed,RUS,Dmitriy,Panfilov,RUS,Anastasiia,Zheleznova,,,
401,YhdenTähden,62,19:44:38,0,,open,men,FIN,Toni,Tolonen,FIN,Mika,Putula,,,
402,wAlts,62,22:22:07,0,,open,men,LAT,Artis,Mednis,LAT,Gatis,Mednis,,,
403,Gala Svit,61,23:52:56,0,,superveteran,women,UKR,Halyna,Khoruzhenko,UKR,Tetyana,Mitusova,,,
404,OZERKI,59,22:38:33,0,,open,mixed,RUS,Anna,Komina,RUS,Petr,Komin,,,
405,Charlton,57,22:31:32,0,,veteran,mixed,AUS,Peter,Charlton,AUS,Diana,Charlton,,,
406,Otsi Otti,50,8:27:34,0,,open,women,EST,Pille,Vinne,EST,Marje,Zernant,,,
407,Oskar and friends,45,7:35:56,0,,open,men,EST,Ragnar,Ilp,EST,Andres,Arro,,,
408,Niedras,41,23:23:55,0,,superveteran,mixed,LAT,Inese,Niedra,LAT,Dzintars,Niedra,,,
409,Flatvia 2017,37,7:48:13,0,,open,mixed,AUS,Geoff,Davis,AUS,Ann-Kathrin,Goller,,,
410,Pokey Mango,36,20:57:44,0,,open,men,AUS,David,Brander,AUS,William,Brander,,,
411,Večuki,28,22:28:13,0,,ultraveteran,mixed,LAT,Andris,Kalniņš,LAT,Maija,Jansone,,,
412,Rogaining.ru,298,23:43:58,0,disqualified,open,men,RUS,Alexander,Yakimov,RUS,Alexey,Skripko,,,
413,Endurancelife,232,23:49:43,0,disqualified,veteran,mixed,GBR,Phil,Scarf,GBR,Jackie,Scarf,,,
414,Salaspils Zīriņi,165,23:09:59,0,disqualified,veteran,men,LAT,Didzis,Gasiņš,LAT,Kalvis,Malderis,,,
415,Salaspils/ zīriņi 1,159,23:05:05,0,disqualified,open,women,LAT,Liāna,Maldere,LAT,Ilze,Putriņa,LAT,Daira,Marčenkova
416,Russian - Finnish reunion,157,13:54:31,0,disqualified,veteran,men,RUS,Dmitriy,Smirnov,FIN,Mikko,Eklund,,,
417,Suomen maajoukkue,146,21:26:43,0,disqualified,veteran,men,FIN,Jussi,Pohjola,FIN,Jyrki,Piirainen,,,
418,Centum,100,9:36:36,0,disqualified,open,mixed,LAT,Jakovels,Aigars,LAT,Jakovela,Anne,,,
419,Tõttas,196,16:05:40,0,not finished,open,men,EST,Olavi,Ottas,EST,Siim,Tõld,,,
420,Antipodean,183,15:04:50,0,not finished,open,men,NZL,Tim,Farrant,FIN,Marko,Vapaa,,,
421,Galma Āpši,162,16:42:40,0,not finished,open,men,LAT,Jānis,Bidiņš,LAT,Alvis,Mazkalns,,,
422,Tõttajad,116,11:43:01,0,not finished,open,women,EST,Imbi,Soome,EST,Triin,Maller,,,
423,HUNT,109,16:39:30,0,not finished,veteran,women,EST,Elina,Lasseron,EST,Lea,Tusis,,,
424,Pozitīvie Skorpioni,103,11:43:05,0,not finished,veteran,women,LAT,Inta,Poriķe,LAT,Liene,Buša,,,
425,Sēņotājas,65,9:13:10,0,not finished,open,women,LAT,Ligija,Cīrule,LAT,Evija,Freimane,LAT,Kristīne,Antiņa
426,Sēņu vērotāji,9,22:15:19,0,not finished,open,men,LAT,Valdis,Gabrāns,LAT,Mārtiņš,Ketners,,,
427,Högfors Venture,0,0,0,not started,open,mixed,FIN,Erno,Paju,FIN,Antti,Patjas,FIN,Laura,Jortama
428,Phast Generation,0,0,0,not started,ultraveteran,men,USA,Ken,Walker,USA,Glen,Brake,,,
429,JuJu,0,0,0,not started,ultraveteran,mixed,LAT,Julija,Zvirgzde,LAT,Juris,Zvirgzds,,,
430,3 Sivēntiņi,0,0,0,not started,youth,mixed,LAT,Leonards,Kaspars,LAT,Marta Simona,Štile,LAT,Jānis,Serovs
431,Nomadic beavers,0,0,0,not started,open,mixed,LAT,Agnis,Graudulis,LAT,Alise,Varika,,,
432,entrebalizas,0,0,0,not started,open,mixed,ESP,Caro,Llop Calvo,ESP,Pablo,Alonso Regidor,,,
433,ROGBAND,0,0,0,not started,open,mixed,LAT,Karīna,Krūmiņliepa,LAT,Gints,Eglītis,,,
434,Jabberwock,0,0,0,not started,open,mixed,RSA,Jacobus,van Zyl,RSA,Janneke,Leask,,,
435,Ukrainian brothers,0,0,0,not started,youth,men,UKR,Yaroslav,Koshovyy,UKR,Heorhii,Romanov,,,
436,Ru-ral Nz,0,0,0,not started,open,men,NZL,Benjamin,Lott,NZL,Alan,Friedman,,,
437,Health group,0,0,0,not started,superveteran,men,RUS,Vladimir,Tokhtuev,RUS,Mikhail,Tabakov,,,
438,Pētersoni,0,0,0,not started,open,mixed,LAT,Kaspars,Pētersons,LAT,Laura,Pētersone,,,
439,Pirmie soļi,0,0,0,not started,open,mixed,LAT,Ilva,Kārkliņa,LAT,Ralfs,Jumiķis,,,
440,sbbl,0,0,0,not started,superveteran,men,RUS,Sergey,Berlin,RUS,Boris,Levin,,,
441,Cyanosis,0,0,0,not started,open,men,RSA,Nicholas,Mulder,RSA,Ryno,Griesel,,,
442,fasad,0,0,0,not started,open,men,RUS,Vasilii,Potatosov,RUS,Yuri,Fedorov,,,
443,Rasti Elmo,0,0,0,not started,open,men,FIN,Risto,Kärkkäinen,FIN,Matti,Turtola,,,
444,Teļubauska,0,0,0,not started,veteran,mixed,LAT,Didzis,Čonka,LAT,Aija,Čonka,,,
445,Karamba!,0,0,0,not started,open,women,RUS,Yulia,Savushkina,TJK,Olga,Plyatsok,,,
446,JFF,0,0,0,not started,veteran,mixed,EST,Tiina,Kangilaski,EST,Jaan,Metsa,,,
447,Triathlon-NN,0,0,0,not started,open,men,RUS,Anton,Tvorogov,RUS,Gleb,Khryashchev,,,
448,Team Karsu,0,0,0,not started,veteran,men,FIN,Niko,Toimela,FIN,Olli-Pekka,Holttinen,,,
449,Aloha,0,0,0,not started,veteran,men,RUS,Maksim,Shcheglov,RUS,Sergej,Martynov,,,
450,Veloforma.net,0,0,0,not started,open,mixed,RUS,Roman,Popov,RUS,Olga,Ivleva,RUS,Igor,Denschik
451,BABARUNCA TEAM,0,0,0,not started,veteran,men,ROU,Mihai,Costea-Ariesanu,ROU,Iuliu,Dopovetz,,,
452,RaceTeam40+,0,0,0,not started,veteran,men,DEN,Michael,Filyo,DEN,Lars,Mikkelsen,,,
453,Glāžšķūņu rūķīši,0,0,0,not started,open,men,LAT,Andris,Sprūds,LAT,Edgars,Vanters,,,
454,BUBERTS,0,0,0,not started,open,mixed,LAT,Inese,Anckalniņa,LAT,Kaspars,Anckalniņš,,,
455,Cucumber,0,0,0,not started,open,mixed,RUS,Kirill,Kiselev,RUS,Ekaterina,Kovalenko,,,
456,Žosmė,0,0,0,not started,veteran,men,LTU,Albertas,Lakštauskas,LTU,Rolandas,Jakštas,,,
457,808,0,0,0,not started,open,men,EST,Martin,Veisman,EST,Madis,Ehastu,,,
458,Õuesõpe Mehed,0,0,0,not started,veteran,men,EST,Margus,Varik,EST,Marek,Tammemäe,,,
459,Silvan Trams,0,0,0,not started,open,mixed,BLR,Aliaksei,Tomashau,BLR,Katsyarina,Bazhankova,,,
460,The Snoopies,0,0,0,not started,open,mixed,RUS,Artem,Nemenchinsky,RUS,Inga,Melnik,,,
